Fund Name,P1,P2,P3,P4,P5,Topsis Score,Rank
M1,0.78,0.61,3.1,35.7,10.05,0.5430284352,1
M2,0.62,0.38,3.3,64.9,17.3,0.5217800905,3
M3,0.69,0.48,4.9,66,18.02,0.510955712,4
M4,0.68,0.46,3.6,31.2,8.99,0.4314323851,6
M5,0.65,0.42,4.3,62,16.84,0.5406786479,2
M6,0.65,0.42,4.4,32.1,9.39,0.4188467902,8
M7,0.87,0.76,4.9,31.1,9.41,0.508121981,5
M8,0.6,0.36,4.6,32,9.39,0.4267329489,7